"Statistic Label","Census Year","Sex","Type of difficulty or condition","Extent of difficulty or condition","Social Class","UNIT","VALUE"
"People with a disability","2022","Both sexes","People with a disability","Some Extent","All social classes","Number","702215"
"People with a disability","2022","Both sexes","People with a disability","Some Extent","Professional workers","Number","54061"
"People with a disability","2022","Both sexes","People with a disability","Some Extent","Managerial and technical","Number","206598"
"People with a disability","2022","Both sexes","People with a disability","Some Extent","Non-manual","Number","123553"
"People with a disability","2022","Both sexes","People with a disability","Some Extent","Skilled manual","Number","97472"
"People with a disability","2022","Both sexes","People with a disability","Some Extent","Semi-skilled","Number","91979"
"People with a disability","2022","Both sexes","People with a disability","Some Extent","Unskilled","Number","26852"
"People with a disability","2022","Both sexes","People with a disability","Some Extent","All other gainfully occupied and unknown","Number","101700"
"People with a disability","2022","Both sexes","People with a disability","Great Extent","All social classes","Number","407342"
"People with a disability","2022","Both sexes","People with a disability","Great Extent","Professional workers","Number","17667"
"People with a disability","2022","Both sexes","People with a disability","Great Extent","Managerial and technical","Number","81685"
"People with a disability","2022","Both sexes","People with a disability","Great Extent","Non-manual","Number","57316"
"People with a disability","2022","Both sexes","People with a disability","Great Extent","Skilled manual","Number","52633"
"People with a disability","2022","Both sexes","People with a disability","Great Extent","Semi-skilled","Number","50716"
"People with a disability","2022","Both sexes","People with a disability","Great Extent","Unskilled","Number","18311"
"People with a disability","2022","Both sexes","People with a disability","Great Extent","All other gainfully occupied and unknown","Number","129014"
"People with a disability","2022","Both sexes","Blindness or vision impairment","Some Extent","All social classes","Number","265636"
"People with a disability","2022","Both sexes","Blindness or vision impairment","Some Extent","Professional workers","Number","19892"
"People with a disability","2022","Both sexes","Blindness or vision impairment","Some Extent","Managerial and technical","Number","75288"
"People with a disability","2022","Both sexes","Blindness or vision impairment","Some Extent","Non-manual","Number","44142"
"People with a disability","2022","Both sexes","Blindness or vision impairment","Some Extent","Skilled manual","Number","34693"
"People with a disability","2022","Both sexes","Blindness or vision impairment","Some Extent","Semi-skilled","Number","34443"
"People with a disability","2022","Both sexes","Blindness or vision impairment","Some Extent","Unskilled","Number","10750"
"People with a disability","2022","Both sexes","Blindness or vision impairment","Some Extent","All other gainfully occupied and unknown","Number","46428"
"People with a disability","2022","Both sexes","Blindness or vision impairment","Great Extent","All social classes","Number","30965"
"People with a disability","2022","Both sexes","Blindness or vision impairment","Great Extent","Professional workers","Number","1366"
"People with a disability","2022","Both sexes","Blindness or vision impairment","Great Extent","Managerial and technical","Number","6270"
"People with a disability","2022","Both sexes","Blindness or vision impairment","Great Extent","Non-manual","Number","4188"
"People with a disability","2022","Both sexes","Blindness or vision impairment","Great Extent","Skilled manual","Number","3974"
"People with a disability","2022","Both sexes","Blindness or vision impairment","Great Extent","Semi-skilled","Number","4043"
"People with a disability","2022","Both sexes","Blindness or vision impairment","Great Extent","Unskilled","Number","1557"
"People with a disability","2022","Both sexes","Blindness or vision impairment","Great Extent","All other gainfully occupied and unknown","Number","9567"
"People with a disability","2022","Both sexes","Deafness or hearing impairment","Some Extent","All social classes","Number","188422"
"People with a disability","2022","Both sexes","Deafness or hearing impairment","Some Extent","Professional workers","Number","12079"
"People with a disability","2022","Both sexes","Deafness or hearing impairment","Some Extent","Managerial and technical","Number","49740"
"People with a disability","2022","Both sexes","Deafness or hearing impairment","Some Extent","Non-manual","Number","29798"
"People with a disability","2022","Both sexes","Deafness or hearing impairment","Some Extent","Skilled manual","Number","31272"
"People with a disability","2022","Both sexes","Deafness or hearing impairment","Some Extent","Semi-skilled","Number","23023"
"People with a disability","2022","Both sexes","Deafness or hearing impairment","Some Extent","Unskilled","Number","8664"
"People with a disability","2022","Both sexes","Deafness or hearing impairment","Some Extent","All other gainfully occupied and unknown","Number","33846"
"People with a disability","2022","Both sexes","Deafness or hearing impairment","Great Extent","All social classes","Number","44998"
"People with a disability","2022","Both sexes","Deafness or hearing impairment","Great Extent","Professional workers","Number","1831"
"People with a disability","2022","Both sexes","Deafness or hearing impairment","Great Extent","Managerial and technical","Number","9263"
"People with a disability","2022","Both sexes","Deafness or hearing impairment","Great Extent","Non-manual","Number","6284"
"People with a disability","2022","Both sexes","Deafness or hearing impairment","Great Extent","Skilled manual","Number","7117"
"People with a disability","2022","Both sexes","Deafness or hearing impairment","Great Extent","Semi-skilled","Number","5920"
"People with a disability","2022","Both sexes","Deafness or hearing impairment","Great Extent","Unskilled","Number","2587"
"People with a disability","2022","Both sexes","Deafness or hearing impairment","Great Extent","All other gainfully occupied and unknown","Number","11996"
"People with a disability","2022","Both sexes","Basic physical activities","Some Extent","All social classes","Number","230722"
"People with a disability","2022","Both sexes","Basic physical activities","Some Extent","Professional workers","Number","9730"
"People with a disability","2022","Both sexes","Basic physical activities","Some Extent","Managerial and technical","Number","49378"
"People with a disability","2022","Both sexes","Basic physical activities","Some Extent","Non-manual","Number","36873"
"People with a disability","2022","Both sexes","Basic physical activities","Some Extent","Skilled manual","Number","33988"
"People with a disability","2022","Both sexes","Basic physical activities","Some Extent","Semi-skilled","Number","31159"
"People with a disability","2022","Both sexes","Basic physical activities","Some Extent","Unskilled","Number","11666"
"People with a disability","2022","Both sexes","Basic physical activities","Some Extent","All other gainfully occupied and unknown","Number","57928"
"People with a disability","2022","Both sexes","Basic physical activities","Great Extent","All social classes","Number","118433"
"People with a disability","2022","Both sexes","Basic physical activities","Great Extent","Professional workers","Number","3614"
"People with a disability","2022","Both sexes","Basic physical activities","Great Extent","Managerial and technical","Number","19427"
"People with a disability","2022","Both sexes","Basic physical activities","Great Extent","Non-manual","Number","14600"
"People with a disability","2022","Both sexes","Basic physical activities","Great Extent","Skilled manual","Number","15188"
"People with a disability","2022","Both sexes","Basic physical activities","Great Extent","Semi-skilled","Number","13812"
"People with a disability","2022","Both sexes","Basic physical activities","Great Extent","Unskilled","Number","5916"
"People with a disability","2022","Both sexes","Basic physical activities","Great Extent","All other gainfully occupied and unknown","Number","45876"
"People with a disability","2022","Both sexes","An intellectual disability","Some Extent","All social classes","Number","61623"
"People with a disability","2022","Both sexes","An intellectual disability","Some Extent","Professional workers","Number","2830"
"People with a disability","2022","Both sexes","An intellectual disability","Some Extent","Managerial and technical","Number","11864"
"People with a disability","2022","Both sexes","An intellectual disability","Some Extent","Non-manual","Number","8479"
"People with a disability","2022","Both sexes","An intellectual disability","Some Extent","Skilled manual","Number","7626"
"People with a disability","2022","Both sexes","An intellectual disability","Some Extent","Semi-skilled","Number","8215"
"People with a disability","2022","Both sexes","An intellectual disability","Some Extent","Unskilled","Number","2771"
"People with a disability","2022","Both sexes","An intellectual disability","Some Extent","All other gainfully occupied and unknown","Number","19838"
"People with a disability","2022","Both sexes","An intellectual disability","Great Extent","All social classes","Number","47665"
"People with a disability","2022","Both sexes","An intellectual disability","Great Extent","Professional workers","Number","2131"
"People with a disability","2022","Both sexes","An intellectual disability","Great Extent","Managerial and technical","Number","8097"
"People with a disability","2022","Both sexes","An intellectual disability","Great Extent","Non-manual","Number","5212"
"People with a disability","2022","Both sexes","An intellectual disability","Great Extent","Skilled manual","Number","5075"
"People with a disability","2022","Both sexes","An intellectual disability","Great Extent","Semi-skilled","Number","5023"
"People with a disability","2022","Both sexes","An intellectual disability","Great Extent","Unskilled","Number","1673"
"People with a disability","2022","Both sexes","An intellectual disability","Great Extent","All other gainfully occupied and unknown","Number","20454"
"People with a disability","2022","Both sexes","Learning, remembering or concentrating","Some Extent","All social classes","Number","187163"
"People with a disability","2022","Both sexes","Learning, remembering or concentrating","Some Extent","Professional workers","Number","10431"
"People with a disability","2022","Both sexes","Learning, remembering or concentrating","Some Extent","Managerial and technical","Number","43740"
"People with a disability","2022","Both sexes","Learning, remembering or concentrating","Some Extent","Non-manual","Number","28268"
"People with a disability","2022","Both sexes","Learning, remembering or concentrating","Some Extent","Skilled manual","Number","24370"
"People with a disability","2022","Both sexes","Learning, remembering or concentrating","Some Extent","Semi-skilled","Number","24104"
"People with a disability","2022","Both sexes","Learning, remembering or concentrating","Some Extent","Unskilled","Number","8021"
"People with a disability","2022","Both sexes","Learning, remembering or concentrating","Some Extent","All other gainfully occupied and unknown","Number","48229"
"People with a disability","2022","Both sexes","Learning, remembering or concentrating","Great Extent","All social classes","Number","71887"
"People with a disability","2022","Both sexes","Learning, remembering or concentrating","Great Extent","Professional workers","Number","3293"
"People with a disability","2022","Both sexes","Learning, remembering or concentrating","Great Extent","Managerial and technical","Number","13744"
"People with a disability","2022","Both sexes","Learning, remembering or concentrating","Great Extent","Non-manual","Number","8582"
"People with a disability","2022","Both sexes","Learning, remembering or concentrating","Great Extent","Skilled manual","Number","8108"
"People with a disability","2022","Both sexes","Learning, remembering or concentrating","Great Extent","Semi-skilled","Number","7784"
"People with a disability","2022","Both sexes","Learning, remembering or concentrating","Great Extent","Unskilled","Number","2790"
"People with a disability","2022","Both sexes","Learning, remembering or concentrating","Great Extent","All other gainfully occupied and unknown","Number","27586"
"People with a disability","2022","Both sexes","Psychological or emotional condition or a mental health issue","Some Extent","All social classes","Number","186516"
"People with a disability","2022","Both sexes","Psychological or emotional condition or a mental health issue","Some Extent","Professional workers","Number","12339"
"People with a disability","2022","Both sexes","Psychological or emotional condition or a mental health issue","Some Extent","Managerial and technical","Number","47991"
"People with a disability","2022","Both sexes","Psychological or emotional condition or a mental health issue","Some Extent","Non-manual","Number","32516"
"People with a disability","2022","Both sexes","Psychological or emotional condition or a mental health issue","Some Extent","Skilled manual","Number","19619"
"People with a disability","2022","Both sexes","Psychological or emotional condition or a mental health issue","Some Extent","Semi-skilled","Number","23750"
"People with a disability","2022","Both sexes","Psychological or emotional condition or a mental health issue","Some Extent","Unskilled","Number","6173"
"People with a disability","2022","Both sexes","Psychological or emotional condition or a mental health issue","Some Extent","All other gainfully occupied and unknown","Number","44128"
"People with a disability","2022","Both sexes","Psychological or emotional condition or a mental health issue","Great Extent","All social classes","Number","83273"
"People with a disability","2022","Both sexes","Psychological or emotional condition or a mental health issue","Great Extent","Professional workers","Number","3350"
"People with a disability","2022","Both sexes","Psychological or emotional condition or a mental health issue","Great Extent","Managerial and technical","Number","14956"
"People with a disability","2022","Both sexes","Psychological or emotional condition or a mental health issue","Great Extent","Non-manual","Number","11184"
"People with a disability","2022","Both sexes","Psychological or emotional condition or a mental health issue","Great Extent","Skilled manual","Number","8021"
"People with a disability","2022","Both sexes","Psychological or emotional condition or a mental health issue","Great Extent","Semi-skilled","Number","9594"
"People with a disability","2022","Both sexes","Psychological or emotional condition or a mental health issue","Great Extent","Unskilled","Number","2854"
"People with a disability","2022","Both sexes","Psychological or emotional condition or a mental health issue","Great Extent","All other gainfully occupied and unknown","Number","33314"
"People with a disability","2022","Both sexes","Difficulty with pain, breathing or any other chronic illness or condition","Some Extent","All social classes","Number","295419"
"People with a disability","2022","Both sexes","Difficulty with pain, breathing or any other chronic illness or condition","Some Extent","Professional workers","Number","18100"
"People with a disability","2022","Both sexes","Difficulty with pain, breathing or any other chronic illness or condition","Some Extent","Managerial and technical","Number","77725"
"People with a disability","2022","Both sexes","Difficulty with pain, breathing or any other chronic illness or condition","Some Extent","Non-manual","Number","48864"
"People with a disability","2022","Both sexes","Difficulty with pain, breathing or any other chronic illness or condition","Some Extent","Skilled manual","Number","41848"
"People with a disability","2022","Both sexes","Difficulty with pain, breathing or any other chronic illness or condition","Some Extent","Semi-skilled","Number","39255"
"People with a disability","2022","Both sexes","Difficulty with pain, breathing or any other chronic illness or condition","Some Extent","Unskilled","Number","12883"
"People with a disability","2022","Both sexes","Difficulty with pain, breathing or any other chronic illness or condition","Some Extent","All other gainfully occupied and unknown","Number","56744"
"People with a disability","2022","Both sexes","Difficulty with pain, breathing or any other chronic illness or condition","Great Extent","All social classes","Number","144671"
"People with a disability","2022","Both sexes","Difficulty with pain, breathing or any other chronic illness or condition","Great Extent","Professional workers","Number","6124"
"People with a disability","2022","Both sexes","Difficulty with pain, breathing or any other chronic illness or condition","Great Extent","Managerial and technical","Number","28617"
"People with a disability","2022","Both sexes","Difficulty with pain, breathing or any other chronic illness or condition","Great Extent","Non-manual","Number","20366"
"People with a disability","2022","Both sexes","Difficulty with pain, breathing or any other chronic illness or condition","Great Extent","Skilled manual","Number","19201"
"People with a disability","2022","Both sexes","Difficulty with pain, breathing or any other chronic illness or condition","Great Extent","Semi-skilled","Number","18208"
"People with a disability","2022","Both sexes","Difficulty with pain, breathing or any other chronic illness or condition","Great Extent","Unskilled","Number","6618"
"People with a disability","2022","Both sexes","Difficulty with pain, breathing or any other chronic illness or condition","Great Extent","All other gainfully occupied and unknown","Number","45537"
"People with a disability","2022","Both sexes","Difficulty dressing, bathing or getting around inside the home","Some Extent","All social classes","Number","126349"
"People with a disability","2022","Both sexes","Difficulty dressing, bathing or getting around inside the home","Some Extent","Professional workers","Number","4972"
"People with a disability","2022","Both sexes","Difficulty dressing, bathing or getting around inside the home","Some Extent","Managerial and technical","Number","24820"
"People with a disability","2022","Both sexes","Difficulty dressing, bathing or getting around inside the home","Some Extent","Non-manual","Number","18051"
"People with a disability","2022","Both sexes","Difficulty dressing, bathing or getting around inside the home","Some Extent","Skilled manual","Number","17360"
"People with a disability","2022","Both sexes","Difficulty dressing, bathing or getting around inside the home","Some Extent","Semi-skilled","Number","15838"
"People with a disability","2022","Both sexes","Difficulty dressing, bathing or getting around inside the home","Some Extent","Unskilled","Number","6215"
"People with a disability","2022","Both sexes","Difficulty dressing, bathing or getting around inside the home","Some Extent","All other gainfully occupied and unknown","Number","39093"
"People with a disability","2022","Both sexes","Difficulty dressing, bathing or getting around inside the home","Great Extent","All social classes","Number","89260"
"People with a disability","2022","Both sexes","Difficulty dressing, bathing or getting around inside the home","Great Extent","Professional workers","Number","3028"
"People with a disability","2022","Both sexes","Difficulty dressing, bathing or getting around inside the home","Great Extent","Managerial and technical","Number","15359"
"People with a disability","2022","Both sexes","Difficulty dressing, bathing or getting around inside the home","Great Extent","Non-manual","Number","10133"
"People with a disability","2022","Both sexes","Difficulty dressing, bathing or getting around inside the home","Great Extent","Skilled manual","Number","10844"
"People with a disability","2022","Both sexes","Difficulty dressing, bathing or getting around inside the home","Great Extent","Semi-skilled","Number","9604"
"People with a disability","2022","Both sexes","Difficulty dressing, bathing or getting around inside the home","Great Extent","Unskilled","Number","4015"
"People with a disability","2022","Both sexes","Difficulty dressing, bathing or getting around inside the home","Great Extent","All other gainfully occupied and unknown","Number","36277"
"People with a disability","2022","Both sexes","Difficulty going outside the home","Some Extent","All social classes","Number","139182"
"People with a disability","2022","Both sexes","Difficulty going outside the home","Some Extent","Professional workers","Number","5191"
"People with a disability","2022","Both sexes","Difficulty going outside the home","Some Extent","Managerial and technical","Number","26638"
"People with a disability","2022","Both sexes","Difficulty going outside the home","Some Extent","Non-manual","Number","20184"
"People with a disability","2022","Both sexes","Difficulty going outside the home","Some Extent","Skilled manual","Number","18579"
"People with a disability","2022","Both sexes","Difficulty going outside the home","Some Extent","Semi-skilled","Number","18194"
"People with a disability","2022","Both sexes","Difficulty going outside the home","Some Extent","Unskilled","Number","6985"
"People with a disability","2022","Both sexes","Difficulty going outside the home","Some Extent","All other gainfully occupied and unknown","Number","43411"
"People with a disability","2022","Both sexes","Difficulty going outside the home","Great Extent","All social classes","Number","119061"
"People with a disability","2022","Both sexes","Difficulty going outside the home","Great Extent","Professional workers","Number","4217"
"People with a disability","2022","Both sexes","Difficulty going outside the home","Great Extent","Managerial and technical","Number","21036"
"People with a disability","2022","Both sexes","Difficulty going outside the home","Great Extent","Non-manual","Number","14205"
"People with a disability","2022","Both sexes","Difficulty going outside the home","Great Extent","Skilled manual","Number","14214"
"People with a disability","2022","Both sexes","Difficulty going outside the home","Great Extent","Semi-skilled","Number","13188"
"People with a disability","2022","Both sexes","Difficulty going outside the home","Great Extent","Unskilled","Number","5412"
"People with a disability","2022","Both sexes","Difficulty going outside the home","Great Extent","All other gainfully occupied and unknown","Number","46789"
"People with a disability","2022","Both sexes","Difficulty working at a job or business or attending school or college","Some Extent","All social classes","Number","126497"
"People with a disability","2022","Both sexes","Difficulty working at a job or business or attending school or college","Some Extent","Professional workers","Number","6648"
"People with a disability","2022","Both sexes","Difficulty working at a job or business or attending school or college","Some Extent","Managerial and technical","Number","28889"
"People with a disability","2022","Both sexes","Difficulty working at a job or business or attending school or college","Some Extent","Non-manual","Number","20486"
"People with a disability","2022","Both sexes","Difficulty working at a job or business or attending school or college","Some Extent","Skilled manual","Number","17439"
"People with a disability","2022","Both sexes","Difficulty working at a job or business or attending school or college","Some Extent","Semi-skilled","Number","17372"
"People with a disability","2022","Both sexes","Difficulty working at a job or business or attending school or college","Some Extent","Unskilled","Number","5318"
"People with a disability","2022","Both sexes","Difficulty working at a job or business or attending school or college","Some Extent","All other gainfully occupied and unknown","Number","30345"
"People with a disability","2022","Both sexes","Difficulty working at a job or business or attending school or college","Great Extent","All social classes","Number","177362"
"People with a disability","2022","Both sexes","Difficulty working at a job or business or attending school or college","Great Extent","Professional workers","Number","6653"
"People with a disability","2022","Both sexes","Difficulty working at a job or business or attending school or college","Great Extent","Managerial and technical","Number","32059"
"People with a disability","2022","Both sexes","Difficulty working at a job or business or attending school or college","Great Extent","Non-manual","Number","21682"
"People with a disability","2022","Both sexes","Difficulty working at a job or business or attending school or college","Great Extent","Skilled manual","Number","21919"
"People with a disability","2022","Both sexes","Difficulty working at a job or business or attending school or college","Great Extent","Semi-skilled","Number","20285"
"People with a disability","2022","Both sexes","Difficulty working at a job or business or attending school or college","Great Extent","Unskilled","Number","7617"
"People with a disability","2022","Both sexes","Difficulty working at a job or business or attending school or college","Great Extent","All other gainfully occupied and unknown","Number","67147"
"People with a disability","2022","Both sexes","Difficulty in participating in other activities","Some Extent","All social classes","Number","188898"
"People with a disability","2022","Both sexes","Difficulty in participating in other activities","Some Extent","Professional workers","Number","10113"
"People with a disability","2022","Both sexes","Difficulty in participating in other activities","Some Extent","Managerial and technical","Number","44390"
"People with a disability","2022","Both sexes","Difficulty in participating in other activities","Some Extent","Non-manual","Number","30827"
"People with a disability","2022","Both sexes","Difficulty in participating in other activities","Some Extent","Skilled manual","Number","25090"
"People with a disability","2022","Both sexes","Difficulty in participating in other activities","Some Extent","Semi-skilled","Number","24106"
"People with a disability","2022","Both sexes","Difficulty in participating in other activities","Some Extent","Unskilled","Number","8029"
"People with a disability","2022","Both sexes","Difficulty in participating in other activities","Some Extent","All other gainfully occupied and unknown","Number","46343"
"People with a disability","2022","Both sexes","Difficulty in participating in other activities","Great Extent","All social classes","Number","161097"
"People with a disability","2022","Both sexes","Difficulty in participating in other activities","Great Extent","Professional workers","Number","6208"
"People with a disability","2022","Both sexes","Difficulty in participating in other activities","Great Extent","Managerial and technical","Number","30562"
"People with a disability","2022","Both sexes","Difficulty in participating in other activities","Great Extent","Non-manual","Number","20868"
"People with a disability","2022","Both sexes","Difficulty in participating in other activities","Great Extent","Skilled manual","Number","20242"
"People with a disability","2022","Both sexes","Difficulty in participating in other activities","Great Extent","Semi-skilled","Number","18574"
"People with a disability","2022","Both sexes","Difficulty in participating in other activities","Great Extent","Unskilled","Number","7171"
"People with a disability","2022","Both sexes","Difficulty in participating in other activities","Great Extent","All other gainfully occupied and unknown","Number","57472"
"People with a disability","2022","Male","People with a disability","Some Extent","All social classes","Number","339819"
"People with a disability","2022","Male","People with a disability","Some Extent","Professional workers","Number","30182"
"People with a disability","2022","Male","People with a disability","Some Extent","Managerial and technical","Number","95322"
"People with a disability","2022","Male","People with a disability","Some Extent","Non-manual","Number","46292"
"People with a disability","2022","Male","People with a disability","Some Extent","Skilled manual","Number","66053"
"People with a disability","2022","Male","People with a disability","Some Extent","Semi-skilled","Number","44527"
"People with a disability","2022","Male","People with a disability","Some Extent","Unskilled","Number","13783"
"People with a disability","2022","Male","People with a disability","Some Extent","All other gainfully occupied and unknown","Number","43660"
"People with a disability","2022","Male","People with a disability","Great Extent","All social classes","Number","191388"
"People with a disability","2022","Male","People with a disability","Great Extent","Professional workers","Number","9495"
"People with a disability","2022","Male","People with a disability","Great Extent","Managerial and technical","Number","37403"
"People with a disability","2022","Male","People with a disability","Great Extent","Non-manual","Number","22246"
"People with a disability","2022","Male","People with a disability","Great Extent","Skilled manual","Number","30635"
"People with a disability","2022","Male","People with a disability","Great Extent","Semi-skilled","Number","23391"
"People with a disability","2022","Male","People with a disability","Great Extent","Unskilled","Number","8785"
"People with a disability","2022","Male","People with a disability","Great Extent","All other gainfully occupied and unknown","Number","59433"
"People with a disability","2022","Male","Blindness or vision impairment","Some Extent","All social classes","Number","122941"
"People with a disability","2022","Male","Blindness or vision impairment","Some Extent","Professional workers","Number","10930"
"People with a disability","2022","Male","Blindness or vision impairment","Some Extent","Managerial and technical","Number","33359"
"People with a disability","2022","Male","Blindness or vision impairment","Some Extent","Non-manual","Number","15820"
"People with a disability","2022","Male","Blindness or vision impairment","Some Extent","Skilled manual","Number","22529"
"People with a disability","2022","Male","Blindness or vision impairment","Some Extent","Semi-skilled","Number","15887"
"People with a disability","2022","Male","Blindness or vision impairment","Some Extent","Unskilled","Number","5202"
"People with a disability","2022","Male","Blindness or vision impairment","Some Extent","All other gainfully occupied and unknown","Number","19214"
"People with a disability","2022","Male","Blindness or vision impairment","Great Extent","All social classes","Number","14973"
"People with a disability","2022","Male","Blindness or vision impairment","Great Extent","Professional workers","Number","744"
"People with a disability","2022","Male","Blindness or vision impairment","Great Extent","Managerial and technical","Number","2946"
"People with a disability","2022","Male","Blindness or vision impairment","Great Extent","Non-manual","Number","1715"
"People with a disability","2022","Male","Blindness or vision impairment","Great Extent","Skilled manual","Number","2493"
"People with a disability","2022","Male","Blindness or vision impairment","Great Extent","Semi-skilled","Number","1949"
"People with a disability","2022","Male","Blindness or vision impairment","Great Extent","Unskilled","Number","746"
"People with a disability","2022","Male","Blindness or vision impairment","Great Extent","All other gainfully occupied and unknown","Number","4380"
"People with a disability","2022","Male","Deafness or hearing impairment","Some Extent","All social classes","Number","103289"
"People with a disability","2022","Male","Deafness or hearing impairment","Some Extent","Professional workers","Number","8189"
"People with a disability","2022","Male","Deafness or hearing impairment","Some Extent","Managerial and technical","Number","26681"
"People with a disability","2022","Male","Deafness or hearing impairment","Some Extent","Non-manual","Number","12299"
"People with a disability","2022","Male","Deafness or hearing impairment","Some Extent","Skilled manual","Number","24041"
"People with a disability","2022","Male","Deafness or hearing impairment","Some Extent","Semi-skilled","Number","12371"
"People with a disability","2022","Male","Deafness or hearing impairment","Some Extent","Unskilled","Number","4816"
"People with a disability","2022","Male","Deafness or hearing impairment","Some Extent","All other gainfully occupied and unknown","Number","14892"
"People with a disability","2022","Male","Deafness or hearing impairment","Great Extent","All social classes","Number","22474"
"People with a disability","2022","Male","Deafness or hearing impairment","Great Extent","Professional workers","Number","1132"
"People with a disability","2022","Male","Deafness or hearing impairment","Great Extent","Managerial and technical","Number","4564"
"People with a disability","2022","Male","Deafness or hearing impairment","Great Extent","Non-manual","Number","2331"
"People with a disability","2022","Male","Deafness or hearing impairment","Great Extent","Skilled manual","Number","4985"
"People with a disability","2022","Male","Deafness or hearing impairment","Great Extent","Semi-skilled","Number","2948"
"People with a disability","2022","Male","Deafness or hearing impairment","Great Extent","Unskilled","Number","1283"
"People with a disability","2022","Male","Deafness or hearing impairment","Great Extent","All other gainfully occupied and unknown","Number","5231"
"People with a disability","2022","Male","Basic physical activities","Some Extent","All social classes","Number","100109"
"People with a disability","2022","Male","Basic physical activities","Some Extent","Professional workers","Number","5257"
"People with a disability","2022","Male","Basic physical activities","Some Extent","Managerial and technical","Number","20640"
"People with a disability","2022","Male","Basic physical activities","Some Extent","Non-manual","Number","11825"
"People with a disability","2022","Male","Basic physical activities","Some Extent","Skilled manual","Number","20069"
"People with a disability","2022","Male","Basic physical activities","Some Extent","Semi-skilled","Number","13203"
"People with a disability","2022","Male","Basic physical activities","Some Extent","Unskilled","Number","5145"
"People with a disability","2022","Male","Basic physical activities","Some Extent","All other gainfully occupied and unknown","Number","23970"
"People with a disability","2022","Male","Basic physical activities","Great Extent","All social classes","Number","51378"
"People with a disability","2022","Male","Basic physical activities","Great Extent","Professional workers","Number","1935"
"People with a disability","2022","Male","Basic physical activities","Great Extent","Managerial and technical","Number","8365"
"People with a disability","2022","Male","Basic physical activities","Great Extent","Non-manual","Number","5022"
"People with a disability","2022","Male","Basic physical activities","Great Extent","Skilled manual","Number","8328"
"People with a disability","2022","Male","Basic physical activities","Great Extent","Semi-skilled","Number","5695"
"People with a disability","2022","Male","Basic physical activities","Great Extent","Unskilled","Number","2548"
"People with a disability","2022","Male","Basic physical activities","Great Extent","All other gainfully occupied and unknown","Number","19485"
"People with a disability","2022","Male","An intellectual disability","Some Extent","All social classes","Number","36711"
"People with a disability","2022","Male","An intellectual disability","Some Extent","Professional workers","Number","1812"
"People with a disability","2022","Male","An intellectual disability","Some Extent","Managerial and technical","Number","7198"
"People with a disability","2022","Male","An intellectual disability","Some Extent","Non-manual","Number","4810"
"People with a disability","2022","Male","An intellectual disability","Some Extent","Skilled manual","Number","5147"
"People with a disability","2022","Male","An intellectual disability","Some Extent","Semi-skilled","Number","4934"
"People with a disability","2022","Male","An intellectual disability","Some Extent","Unskilled","Number","1702"
"People with a disability","2022","Male","An intellectual disability","Some Extent","All other gainfully occupied and unknown","Number","11108"
"People with a disability","2022","Male","An intellectual disability","Great Extent","All social classes","Number","28384"
"People with a disability","2022","Male","An intellectual disability","Great Extent","Professional workers","Number","1357"
"People with a disability","2022","Male","An intellectual disability","Great Extent","Managerial and technical","Number","4974"
"People with a disability","2022","Male","An intellectual disability","Great Extent","Non-manual","Number","3058"
"People with a disability","2022","Male","An intellectual disability","Great Extent","Skilled manual","Number","3272"
"People with a disability","2022","Male","An intellectual disability","Great Extent","Semi-skilled","Number","3079"
"People with a disability","2022","Male","An intellectual disability","Great Extent","Unskilled","Number","1015"
"People with a disability","2022","Male","An intellectual disability","Great Extent","All other gainfully occupied and unknown","Number","11629"
"People with a disability","2022","Male","Learning, remembering or concentrating","Some Extent","All social classes","Number","97706"
"People with a disability","2022","Male","Learning, remembering or concentrating","Some Extent","Professional workers","Number","6315"
"People with a disability","2022","Male","Learning, remembering or concentrating","Some Extent","Managerial and technical","Number","22831"
"People with a disability","2022","Male","Learning, remembering or concentrating","Some Extent","Non-manual","Number","12860"
"People with a disability","2022","Male","Learning, remembering or concentrating","Some Extent","Skilled manual","Number","15805"
"People with a disability","2022","Male","Learning, remembering or concentrating","Some Extent","Semi-skilled","Number","12562"
"People with a disability","2022","Male","Learning, remembering or concentrating","Some Extent","Unskilled","Number","4270"
"People with a disability","2022","Male","Learning, remembering or concentrating","Some Extent","All other gainfully occupied and unknown","Number","23063"
"People with a disability","2022","Male","Learning, remembering or concentrating","Great Extent","All social classes","Number","38352"
"People with a disability","2022","Male","Learning, remembering or concentrating","Great Extent","Professional workers","Number","2037"
"People with a disability","2022","Male","Learning, remembering or concentrating","Great Extent","Managerial and technical","Number","7463"
"People with a disability","2022","Male","Learning, remembering or concentrating","Great Extent","Non-manual","Number","4189"
"People with a disability","2022","Male","Learning, remembering or concentrating","Great Extent","Skilled manual","Number","5115"
"People with a disability","2022","Male","Learning, remembering or concentrating","Great Extent","Semi-skilled","Number","4197"
"People with a disability","2022","Male","Learning, remembering or concentrating","Great Extent","Unskilled","Number","1467"
"People with a disability","2022","Male","Learning, remembering or concentrating","Great Extent","All other gainfully occupied and unknown","Number","13884"
"People with a disability","2022","Male","Psychological or emotional condition or a mental health issue","Some Extent","All social classes","Number","79349"
"People with a disability","2022","Male","Psychological or emotional condition or a mental health issue","Some Extent","Professional workers","Number","5696"
"People with a disability","2022","Male","Psychological or emotional condition or a mental health issue","Some Extent","Managerial and technical","Number","19242"
"People with a disability","2022","Male","Psychological or emotional condition or a mental health issue","Some Extent","Non-manual","Number","11368"
"People with a disability","2022","Male","Psychological or emotional condition or a mental health issue","Some Extent","Skilled manual","Number","10799"
"People with a disability","2022","Male","Psychological or emotional condition or a mental health issue","Some Extent","Semi-skilled","Number","10264"
"People with a disability","2022","Male","Psychological or emotional condition or a mental health issue","Some Extent","Unskilled","Number","2922"
"People with a disability","2022","Male","Psychological or emotional condition or a mental health issue","Some Extent","All other gainfully occupied and unknown","Number","19058"
"People with a disability","2022","Male","Psychological or emotional condition or a mental health issue","Great Extent","All social classes","Number","39143"
"People with a disability","2022","Male","Psychological or emotional condition or a mental health issue","Great Extent","Professional workers","Number","1753"
"People with a disability","2022","Male","Psychological or emotional condition or a mental health issue","Great Extent","Managerial and technical","Number","6813"
"People with a disability","2022","Male","Psychological or emotional condition or a mental health issue","Great Extent","Non-manual","Number","4456"
"People with a disability","2022","Male","Psychological or emotional condition or a mental health issue","Great Extent","Skilled manual","Number","4324"
"People with a disability","2022","Male","Psychological or emotional condition or a mental health issue","Great Extent","Semi-skilled","Number","4350"
"People with a disability","2022","Male","Psychological or emotional condition or a mental health issue","Great Extent","Unskilled","Number","1387"
"People with a disability","2022","Male","Psychological or emotional condition or a mental health issue","Great Extent","All other gainfully occupied and unknown","Number","16060"
"People with a disability","2022","Male","Difficulty with pain, breathing or any other chronic illness or condition","Some Extent","All social classes","Number","132104"
"People with a disability","2022","Male","Difficulty with pain, breathing or any other chronic illness or condition","Some Extent","Professional workers","Number","9419"
"People with a disability","2022","Male","Difficulty with pain, breathing or any other chronic illness or condition","Some Extent","Managerial and technical","Number","32662"
"People with a disability","2022","Male","Difficulty with pain, breathing or any other chronic illness or condition","Some Extent","Non-manual","Number","16523"
"People with a disability","2022","Male","Difficulty with pain, breathing or any other chronic illness or condition","Some Extent","Skilled manual","Number","26260"
"People with a disability","2022","Male","Difficulty with pain, breathing or any other chronic illness or condition","Some Extent","Semi-skilled","Number","17509"
"People with a disability","2022","Male","Difficulty with pain, breathing or any other chronic illness or condition","Some Extent","Unskilled","Number","6062"
"People with a disability","2022","Male","Difficulty with pain, breathing or any other chronic illness or condition","Some Extent","All other gainfully occupied and unknown","Number","23669"
"People with a disability","2022","Male","Difficulty with pain, breathing or any other chronic illness or condition","Great Extent","All social classes","Number","62928"
"People with a disability","2022","Male","Difficulty with pain, breathing or any other chronic illness or condition","Great Extent","Professional workers","Number","3011"
"People with a disability","2022","Male","Difficulty with pain, breathing or any other chronic illness or condition","Great Extent","Managerial and technical","Number","11978"
"People with a disability","2022","Male","Difficulty with pain, breathing or any other chronic illness or condition","Great Extent","Non-manual","Number","7085"
"People with a disability","2022","Male","Difficulty with pain, breathing or any other chronic illness or condition","Great Extent","Skilled manual","Number","10610"
"People with a disability","2022","Male","Difficulty with pain, breathing or any other chronic illness or condition","Great Extent","Semi-skilled","Number","7609"
"People with a disability","2022","Male","Difficulty with pain, breathing or any other chronic illness or condition","Great Extent","Unskilled","Number","2955"
"People with a disability","2022","Male","Difficulty with pain, breathing or any other chronic illness or condition","Great Extent","All other gainfully occupied and unknown","Number","19680"
"People with a disability","2022","Male","Difficulty dressing, bathing or getting around inside the home","Some Extent","All social classes","Number","56905"
"People with a disability","2022","Male","Difficulty dressing, bathing or getting around inside the home","Some Extent","Professional workers","Number","2769"
"People with a disability","2022","Male","Difficulty dressing, bathing or getting around inside the home","Some Extent","Managerial and technical","Number","11261"
"People with a disability","2022","Male","Difficulty dressing, bathing or getting around inside the home","Some Extent","Non-manual","Number","6474"
"People with a disability","2022","Male","Difficulty dressing, bathing or getting around inside the home","Some Extent","Skilled manual","Number","9727"
"People with a disability","2022","Male","Difficulty dressing, bathing or getting around inside the home","Some Extent","Semi-skilled","Number","6842"
"People with a disability","2022","Male","Difficulty dressing, bathing or getting around inside the home","Some Extent","Unskilled","Number","2762"
"People with a disability","2022","Male","Difficulty dressing, bathing or getting around inside the home","Some Extent","All other gainfully occupied and unknown","Number","17070"
"People with a disability","2022","Male","Difficulty dressing, bathing or getting around inside the home","Great Extent","All social classes","Number","39383"
"People with a disability","2022","Male","Difficulty dressing, bathing or getting around inside the home","Great Extent","Professional workers","Number","1714"
"People with a disability","2022","Male","Difficulty dressing, bathing or getting around inside the home","Great Extent","Managerial and technical","Number","6894"
"People with a disability","2022","Male","Difficulty dressing, bathing or getting around inside the home","Great Extent","Non-manual","Number","3664"
"People with a disability","2022","Male","Difficulty dressing, bathing or getting around inside the home","Great Extent","Skilled manual","Number","5992"
"People with a disability","2022","Male","Difficulty dressing, bathing or getting around inside the home","Great Extent","Semi-skilled","Number","4027"
"People with a disability","2022","Male","Difficulty dressing, bathing or getting around inside the home","Great Extent","Unskilled","Number","1736"
"People with a disability","2022","Male","Difficulty dressing, bathing or getting around inside the home","Great Extent","All other gainfully occupied and unknown","Number","15356"
"People with a disability","2022","Male","Difficulty going outside the home","Some Extent","All social classes","Number","59396"
"People with a disability","2022","Male","Difficulty going outside the home","Some Extent","Professional workers","Number","2706"
"People with a disability","2022","Male","Difficulty going outside the home","Some Extent","Managerial and technical","Number","11152"
"People with a disability","2022","Male","Difficulty going outside the home","Some Extent","Non-manual","Number","6718"
"People with a disability","2022","Male","Difficulty going outside the home","Some Extent","Skilled manual","Number","9715"
"People with a disability","2022","Male","Difficulty going outside the home","Some Extent","Semi-skilled","Number","7523"
"People with a disability","2022","Male","Difficulty going outside the home","Some Extent","Unskilled","Number","2983"
"People with a disability","2022","Male","Difficulty going outside the home","Some Extent","All other gainfully occupied and unknown","Number","18599"
"People with a disability","2022","Male","Difficulty going outside the home","Great Extent","All social classes","Number","50743"
"People with a disability","2022","Male","Difficulty going outside the home","Great Extent","Professional workers","Number","2331"
"People with a disability","2022","Male","Difficulty going outside the home","Great Extent","Managerial and technical","Number","9215"
"People with a disability","2022","Male","Difficulty going outside the home","Great Extent","Non-manual","Number","4836"
"People with a disability","2022","Male","Difficulty going outside the home","Great Extent","Skilled manual","Number","7661"
"People with a disability","2022","Male","Difficulty going outside the home","Great Extent","Semi-skilled","Number","5326"
"People with a disability","2022","Male","Difficulty going outside the home","Great Extent","Unskilled","Number","2200"
"People with a disability","2022","Male","Difficulty going outside the home","Great Extent","All other gainfully occupied and unknown","Number","19174"
"People with a disability","2022","Male","Difficulty working at a job or business or attending school or college","Some Extent","All social classes","Number","62019"
"People with a disability","2022","Male","Difficulty working at a job or business or attending school or college","Some Extent","Professional workers","Number","3441"
"People with a disability","2022","Male","Difficulty working at a job or business or attending school or college","Some Extent","Managerial and technical","Number","13409"
"People with a disability","2022","Male","Difficulty working at a job or business or attending school or college","Some Extent","Non-manual","Number","8463"
"People with a disability","2022","Male","Difficulty working at a job or business or attending school or college","Some Extent","Skilled manual","Number","10620"
"People with a disability","2022","Male","Difficulty working at a job or business or attending school or college","Some Extent","Semi-skilled","Number","8521"
"People with a disability","2022","Male","Difficulty working at a job or business or attending school or college","Some Extent","Unskilled","Number","2752"
"People with a disability","2022","Male","Difficulty working at a job or business or attending school or college","Some Extent","All other gainfully occupied and unknown","Number","14813"
"People with a disability","2022","Male","Difficulty working at a job or business or attending school or college","Great Extent","All social classes","Number","82327"
"People with a disability","2022","Male","Difficulty working at a job or business or attending school or college","Great Extent","Professional workers","Number","3437"
"People with a disability","2022","Male","Difficulty working at a job or business or attending school or college","Great Extent","Managerial and technical","Number","14623"
"People with a disability","2022","Male","Difficulty working at a job or business or attending school or college","Great Extent","Non-manual","Number","8802"
"People with a disability","2022","Male","Difficulty working at a job or business or attending school or college","Great Extent","Skilled manual","Number","11244"
"People with a disability","2022","Male","Difficulty working at a job or business or attending school or college","Great Extent","Semi-skilled","Number","9065"
"People with a disability","2022","Male","Difficulty working at a job or business or attending school or college","Great Extent","Unskilled","Number","3519"
"People with a disability","2022","Male","Difficulty working at a job or business or attending school or college","Great Extent","All other gainfully occupied and unknown","Number","31637"
"People with a disability","2022","Male","Difficulty in participating in other activities","Some Extent","All social classes","Number","86052"
"People with a disability","2022","Male","Difficulty in participating in other activities","Some Extent","Professional workers","Number","5403"
"People with a disability","2022","Male","Difficulty in participating in other activities","Some Extent","Managerial and technical","Number","19518"
"People with a disability","2022","Male","Difficulty in participating in other activities","Some Extent","Non-manual","Number","11265"
"People with a disability","2022","Male","Difficulty in participating in other activities","Some Extent","Skilled manual","Number","14491"
"People with a disability","2022","Male","Difficulty in participating in other activities","Some Extent","Semi-skilled","Number","10730"
"People with a disability","2022","Male","Difficulty in participating in other activities","Some Extent","Unskilled","Number","3796"
"People with a disability","2022","Male","Difficulty in participating in other activities","Some Extent","All other gainfully occupied and unknown","Number","20849"
"People with a disability","2022","Male","Difficulty in participating in other activities","Great Extent","All social classes","Number","71762"
"People with a disability","2022","Male","Difficulty in participating in other activities","Great Extent","Professional workers","Number","3373"
"People with a disability","2022","Male","Difficulty in participating in other activities","Great Extent","Managerial and technical","Number","13732"
"People with a disability","2022","Male","Difficulty in participating in other activities","Great Extent","Non-manual","Number","7631"
"People with a disability","2022","Male","Difficulty in participating in other activities","Great Extent","Skilled manual","Number","10881"
"People with a disability","2022","Male","Difficulty in participating in other activities","Great Extent","Semi-skilled","Number","7982"
"People with a disability","2022","Male","Difficulty in participating in other activities","Great Extent","Unskilled","Number","3113"
"People with a disability","2022","Male","Difficulty in participating in other activities","Great Extent","All other gainfully occupied and unknown","Number","25050"
"People with a disability","2022","Female","People with a disability","Some Extent","All social classes","Number","362396"
"People with a disability","2022","Female","People with a disability","Some Extent","Professional workers","Number","23879"
"People with a disability","2022","Female","People with a disability","Some Extent","Managerial and technical","Number","111276"
"People with a disability","2022","Female","People with a disability","Some Extent","Non-manual","Number","77261"
"People with a disability","2022","Female","People with a disability","Some Extent","Skilled manual","Number","31419"
"People with a disability","2022","Female","People with a disability","Some Extent","Semi-skilled","Number","47452"
"People with a disability","2022","Female","People with a disability","Some Extent","Unskilled","Number","13069"
"People with a disability","2022","Female","People with a disability","Some Extent","All other gainfully occupied and unknown","Number","58040"
"People with a disability","2022","Female","People with a disability","Great Extent","All social classes","Number","215954"
"People with a disability","2022","Female","People with a disability","Great Extent","Professional workers","Number","8172"
"People with a disability","2022","Female","People with a disability","Great Extent","Managerial and technical","Number","44282"
"People with a disability","2022","Female","People with a disability","Great Extent","Non-manual","Number","35070"
"People with a disability","2022","Female","People with a disability","Great Extent","Skilled manual","Number","21998"
"People with a disability","2022","Female","People with a disability","Great Extent","Semi-skilled","Number","27325"
"People with a disability","2022","Female","People with a disability","Great Extent","Unskilled","Number","9526"
"People with a disability","2022","Female","People with a disability","Great Extent","All other gainfully occupied and unknown","Number","69581"
"People with a disability","2022","Female","Blindness or vision impairment","Some Extent","All social classes","Number","142695"
"People with a disability","2022","Female","Blindness or vision impairment","Some Extent","Professional workers","Number","8962"
"People with a disability","2022","Female","Blindness or vision impairment","Some Extent","Managerial and technical","Number","41929"
"People with a disability","2022","Female","Blindness or vision impairment","Some Extent","Non-manual","Number","28322"
"People with a disability","2022","Female","Blindness or vision impairment","Some Extent","Skilled manual","Number","12164"
"People with a disability","2022","Female","Blindness or vision impairment","Some Extent","Semi-skilled","Number","18556"
"People with a disability","2022","Female","Blindness or vision impairment","Some Extent","Unskilled","Number","5548"
"People with a disability","2022","Female","Blindness or vision impairment","Some Extent","All other gainfully occupied and unknown","Number","27214"
"People with a disability","2022","Female","Blindness or vision impairment","Great Extent","All social classes","Number","15992"
"People with a disability","2022","Female","Blindness or vision impairment","Great Extent","Professional workers","Number","622"
"People with a disability","2022","Female","Blindness or vision impairment","Great Extent","Managerial and technical","Number","3324"
"People with a disability","2022","Female","Blindness or vision impairment","Great Extent","Non-manual","Number","2473"
"People with a disability","2022","Female","Blindness or vision impairment","Great Extent","Skilled manual","Number","1481"
"People with a disability","2022","Female","Blindness or vision impairment","Great Extent","Semi-skilled","Number","2094"
"People with a disability","2022","Female","Blindness or vision impairment","Great Extent","Unskilled","Number","811"
"People with a disability","2022","Female","Blindness or vision impairment","Great Extent","All other gainfully occupied and unknown","Number","5187"
"People with a disability","2022","Female","Deafness or hearing impairment","Some Extent","All social classes","Number","85133"
"People with a disability","2022","Female","Deafness or hearing impairment","Some Extent","Professional workers","Number","3890"
"People with a disability","2022","Female","Deafness or hearing impairment","Some Extent","Managerial and technical","Number","23059"
"People with a disability","2022","Female","Deafness or hearing impairment","Some Extent","Non-manual","Number","17499"
"People with a disability","2022","Female","Deafness or hearing impairment","Some Extent","Skilled manual","Number","7231"
"People with a disability","2022","Female","Deafness or hearing impairment","Some Extent","Semi-skilled","Number","10652"
"People with a disability","2022","Female","Deafness or hearing impairment","Some Extent","Unskilled","Number","3848"
"People with a disability","2022","Female","Deafness or hearing impairment","Some Extent","All other gainfully occupied and unknown","Number","18954"
"People with a disability","2022","Female","Deafness or hearing impairment","Great Extent","All social classes","Number","22524"
"People with a disability","2022","Female","Deafness or hearing impairment","Great Extent","Professional workers","Number","699"
"People with a disability","2022","Female","Deafness or hearing impairment","Great Extent","Managerial and technical","Number","4699"
"People with a disability","2022","Female","Deafness or hearing impairment","Great Extent","Non-manual","Number","3953"
"People with a disability","2022","Female","Deafness or hearing impairment","Great Extent","Skilled manual","Number","2132"
"People with a disability","2022","Female","Deafness or hearing impairment","Great Extent","Semi-skilled","Number","2972"
"People with a disability","2022","Female","Deafness or hearing impairment","Great Extent","Unskilled","Number","1304"
"People with a disability","2022","Female","Deafness or hearing impairment","Great Extent","All other gainfully occupied and unknown","Number","6765"
"People with a disability","2022","Female","Basic physical activities","Some Extent","All social classes","Number","130613"
"People with a disability","2022","Female","Basic physical activities","Some Extent","Professional workers","Number","4473"
"People with a disability","2022","Female","Basic physical activities","Some Extent","Managerial and technical","Number","28738"
"People with a disability","2022","Female","Basic physical activities","Some Extent","Non-manual","Number","25048"
"People with a disability","2022","Female","Basic physical activities","Some Extent","Skilled manual","Number","13919"
"People with a disability","2022","Female","Basic physical activities","Some Extent","Semi-skilled","Number","17956"
"People with a disability","2022","Female","Basic physical activities","Some Extent","Unskilled","Number","6521"
"People with a disability","2022","Female","Basic physical activities","Some Extent","All other gainfully occupied and unknown","Number","33958"
"People with a disability","2022","Female","Basic physical activities","Great Extent","All social classes","Number","67055"
"People with a disability","2022","Female","Basic physical activities","Great Extent","Professional workers","Number","1679"
"People with a disability","2022","Female","Basic physical activities","Great Extent","Managerial and technical","Number","11062"
"People with a disability","2022","Female","Basic physical activities","Great Extent","Non-manual","Number","9578"
"People with a disability","2022","Female","Basic physical activities","Great Extent","Skilled manual","Number","6860"
"People with a disability","2022","Female","Basic physical activities","Great Extent","Semi-skilled","Number","8117"
"People with a disability","2022","Female","Basic physical activities","Great Extent","Unskilled","Number","3368"
"People with a disability","2022","Female","Basic physical activities","Great Extent","All other gainfully occupied and unknown","Number","26391"
"People with a disability","2022","Female","An intellectual disability","Some Extent","All social classes","Number","24912"
"People with a disability","2022","Female","An intellectual disability","Some Extent","Professional workers","Number","1018"
"People with a disability","2022","Female","An intellectual disability","Some Extent","Managerial and technical","Number","4666"
"People with a disability","2022","Female","An intellectual disability","Some Extent","Non-manual","Number","3669"
"People with a disability","2022","Female","An intellectual disability","Some Extent","Skilled manual","Number","2479"
"People with a disability","2022","Female","An intellectual disability","Some Extent","Semi-skilled","Number","3281"
"People with a disability","2022","Female","An intellectual disability","Some Extent","Unskilled","Number","1069"
"People with a disability","2022","Female","An intellectual disability","Some Extent","All other gainfully occupied and unknown","Number","8730"
"People with a disability","2022","Female","An intellectual disability","Great Extent","All social classes","Number","19281"
"People with a disability","2022","Female","An intellectual disability","Great Extent","Professional workers","Number","774"
"People with a disability","2022","Female","An intellectual disability","Great Extent","Managerial and technical","Number","3123"
"People with a disability","2022","Female","An intellectual disability","Great Extent","Non-manual","Number","2154"
"People with a disability","2022","Female","An intellectual disability","Great Extent","Skilled manual","Number","1803"
"People with a disability","2022","Female","An intellectual disability","Great Extent","Semi-skilled","Number","1944"
"People with a disability","2022","Female","An intellectual disability","Great Extent","Unskilled","Number","658"
"People with a disability","2022","Female","An intellectual disability","Great Extent","All other gainfully occupied and unknown","Number","8825"
"People with a disability","2022","Female","Learning, remembering or concentrating","Some Extent","All social classes","Number","89457"
"People with a disability","2022","Female","Learning, remembering or concentrating","Some Extent","Professional workers","Number","4116"
"People with a disability","2022","Female","Learning, remembering or concentrating","Some Extent","Managerial and technical","Number","20909"
"People with a disability","2022","Female","Learning, remembering or concentrating","Some Extent","Non-manual","Number","15408"
"People with a disability","2022","Female","Learning, remembering or concentrating","Some Extent","Skilled manual","Number","8565"
"People with a disability","2022","Female","Learning, remembering or concentrating","Some Extent","Semi-skilled","Number","11542"
"People with a disability","2022","Female","Learning, remembering or concentrating","Some Extent","Unskilled","Number","3751"
"People with a disability","2022","Female","Learning, remembering or concentrating","Some Extent","All other gainfully occupied and unknown","Number","25166"
"People with a disability","2022","Female","Learning, remembering or concentrating","Great Extent","All social classes","Number","33535"
"People with a disability","2022","Female","Learning, remembering or concentrating","Great Extent","Professional workers","Number","1256"
"People with a disability","2022","Female","Learning, remembering or concentrating","Great Extent","Managerial and technical","Number","6281"
"People with a disability","2022","Female","Learning, remembering or concentrating","Great Extent","Non-manual","Number","4393"
"People with a disability","2022","Female","Learning, remembering or concentrating","Great Extent","Skilled manual","Number","2993"
"People with a disability","2022","Female","Learning, remembering or concentrating","Great Extent","Semi-skilled","Number","3587"
"People with a disability","2022","Female","Learning, remembering or concentrating","Great Extent","Unskilled","Number","1323"
"People with a disability","2022","Female","Learning, remembering or concentrating","Great Extent","All other gainfully occupied and unknown","Number","13702"
"People with a disability","2022","Female","Psychological or emotional condition or a mental health issue","Some Extent","All social classes","Number","107167"
"People with a disability","2022","Female","Psychological or emotional condition or a mental health issue","Some Extent","Professional workers","Number","6643"
"People with a disability","2022","Female","Psychological or emotional condition or a mental health issue","Some Extent","Managerial and technical","Number","28749"
"People with a disability","2022","Female","Psychological or emotional condition or a mental health issue","Some Extent","Non-manual","Number","21148"
"People with a disability","2022","Female","Psychological or emotional condition or a mental health issue","Some Extent","Skilled manual","Number","8820"
"People with a disability","2022","Female","Psychological or emotional condition or a mental health issue","Some Extent","Semi-skilled","Number","13486"
"People with a disability","2022","Female","Psychological or emotional condition or a mental health issue","Some Extent","Unskilled","Number","3251"
"People with a disability","2022","Female","Psychological or emotional condition or a mental health issue","Some Extent","All other gainfully occupied and unknown","Number","25070"
"People with a disability","2022","Female","Psychological or emotional condition or a mental health issue","Great Extent","All social classes","Number","44130"
"People with a disability","2022","Female","Psychological or emotional condition or a mental health issue","Great Extent","Professional workers","Number","1597"
"People with a disability","2022","Female","Psychological or emotional condition or a mental health issue","Great Extent","Managerial and technical","Number","8143"
"People with a disability","2022","Female","Psychological or emotional condition or a mental health issue","Great Extent","Non-manual","Number","6728"
"People with a disability","2022","Female","Psychological or emotional condition or a mental health issue","Great Extent","Skilled manual","Number","3697"
"People with a disability","2022","Female","Psychological or emotional condition or a mental health issue","Great Extent","Semi-skilled","Number","5244"
"People with a disability","2022","Female","Psychological or emotional condition or a mental health issue","Great Extent","Unskilled","Number","1467"
"People with a disability","2022","Female","Psychological or emotional condition or a mental health issue","Great Extent","All other gainfully occupied and unknown","Number","17254"
"People with a disability","2022","Female","Difficulty with pain, breathing or any other chronic illness or condition","Some Extent","All social classes","Number","163315"
"People with a disability","2022","Female","Difficulty with pain, breathing or any other chronic illness or condition","Some Extent","Professional workers","Number","8681"
"People with a disability","2022","Female","Difficulty with pain, breathing or any other chronic illness or condition","Some Extent","Managerial and technical","Number","45063"
"People with a disability","2022","Female","Difficulty with pain, breathing or any other chronic illness or condition","Some Extent","Non-manual","Number","32341"
"People with a disability","2022","Female","Difficulty with pain, breathing or any other chronic illness or condition","Some Extent","Skilled manual","Number","15588"
"People with a disability","2022","Female","Difficulty with pain, breathing or any other chronic illness or condition","Some Extent","Semi-skilled","Number","21746"
"People with a disability","2022","Female","Difficulty with pain, breathing or any other chronic illness or condition","Some Extent","Unskilled","Number","6821"
"People with a disability","2022","Female","Difficulty with pain, breathing or any other chronic illness or condition","Some Extent","All other gainfully occupied and unknown","Number","33075"
"People with a disability","2022","Female","Difficulty with pain, breathing or any other chronic illness or condition","Great Extent","All social classes","Number","81743"
"People with a disability","2022","Female","Difficulty with pain, breathing or any other chronic illness or condition","Great Extent","Professional workers","Number","3113"
"People with a disability","2022","Female","Difficulty with pain, breathing or any other chronic illness or condition","Great Extent","Managerial and technical","Number","16639"
"People with a disability","2022","Female","Difficulty with pain, breathing or any other chronic illness or condition","Great Extent","Non-manual","Number","13281"
"People with a disability","2022","Female","Difficulty with pain, breathing or any other chronic illness or condition","Great Extent","Skilled manual","Number","8591"
"People with a disability","2022","Female","Difficulty with pain, breathing or any other chronic illness or condition","Great Extent","Semi-skilled","Number","10599"
"People with a disability","2022","Female","Difficulty with pain, breathing or any other chronic illness or condition","Great Extent","Unskilled","Number","3663"
"People with a disability","2022","Female","Difficulty with pain, breathing or any other chronic illness or condition","Great Extent","All other gainfully occupied and unknown","Number","25857"
"People with a disability","2022","Female","Difficulty dressing, bathing or getting around inside the home","Some Extent","All social classes","Number","69444"
"People with a disability","2022","Female","Difficulty dressing, bathing or getting around inside the home","Some Extent","Professional workers","Number","2203"
"People with a disability","2022","Female","Difficulty dressing, bathing or getting around inside the home","Some Extent","Managerial and technical","Number","13559"
"People with a disability","2022","Female","Difficulty dressing, bathing or getting around inside the home","Some Extent","Non-manual","Number","11577"
"People with a disability","2022","Female","Difficulty dressing, bathing or getting around inside the home","Some Extent","Skilled manual","Number","7633"
"People with a disability","2022","Female","Difficulty dressing, bathing or getting around inside the home","Some Extent","Semi-skilled","Number","8996"
"People with a disability","2022","Female","Difficulty dressing, bathing or getting around inside the home","Some Extent","Unskilled","Number","3453"
"People with a disability","2022","Female","Difficulty dressing, bathing or getting around inside the home","Some Extent","All other gainfully occupied and unknown","Number","22023"
"People with a disability","2022","Female","Difficulty dressing, bathing or getting around inside the home","Great Extent","All social classes","Number","49877"
"People with a disability","2022","Female","Difficulty dressing, bathing or getting around inside the home","Great Extent","Professional workers","Number","1314"
"People with a disability","2022","Female","Difficulty dressing, bathing or getting around inside the home","Great Extent","Managerial and technical","Number","8465"
"People with a disability","2022","Female","Difficulty dressing, bathing or getting around inside the home","Great Extent","Non-manual","Number","6469"
"People with a disability","2022","Female","Difficulty dressing, bathing or getting around inside the home","Great Extent","Skilled manual","Number","4852"
"People with a disability","2022","Female","Difficulty dressing, bathing or getting around inside the home","Great Extent","Semi-skilled","Number","5577"
"People with a disability","2022","Female","Difficulty dressing, bathing or getting around inside the home","Great Extent","Unskilled","Number","2279"
"People with a disability","2022","Female","Difficulty dressing, bathing or getting around inside the home","Great Extent","All other gainfully occupied and unknown","Number","20921"
"People with a disability","2022","Female","Difficulty going outside the home","Some Extent","All social classes","Number","79786"
"People with a disability","2022","Female","Difficulty going outside the home","Some Extent","Professional workers","Number","2485"
"People with a disability","2022","Female","Difficulty going outside the home","Some Extent","Managerial and technical","Number","15486"
"People with a disability","2022","Female","Difficulty going outside the home","Some Extent","Non-manual","Number","13466"
"People with a disability","2022","Female","Difficulty going outside the home","Some Extent","Skilled manual","Number","8864"
"People with a disability","2022","Female","Difficulty going outside the home","Some Extent","Semi-skilled","Number","10671"
"People with a disability","2022","Female","Difficulty going outside the home","Some Extent","Unskilled","Number","4002"
"People with a disability","2022","Female","Difficulty going outside the home","Some Extent","All other gainfully occupied and unknown","Number","24812"
"People with a disability","2022","Female","Difficulty going outside the home","Great Extent","All social classes","Number","68318"
"People with a disability","2022","Female","Difficulty going outside the home","Great Extent","Professional workers","Number","1886"
"People with a disability","2022","Female","Difficulty going outside the home","Great Extent","Managerial and technical","Number","11821"
"People with a disability","2022","Female","Difficulty going outside the home","Great Extent","Non-manual","Number","9369"
"People with a disability","2022","Female","Difficulty going outside the home","Great Extent","Skilled manual","Number","6553"
"People with a disability","2022","Female","Difficulty going outside the home","Great Extent","Semi-skilled","Number","7862"
"People with a disability","2022","Female","Difficulty going outside the home","Great Extent","Unskilled","Number","3212"
"People with a disability","2022","Female","Difficulty going outside the home","Great Extent","All other gainfully occupied and unknown","Number","27615"
"People with a disability","2022","Female","Difficulty working at a job or business or attending school or college","Some Extent","All social classes","Number","64478"
"People with a disability","2022","Female","Difficulty working at a job or business or attending school or college","Some Extent","Professional workers","Number","3207"
"People with a disability","2022","Female","Difficulty working at a job or business or attending school or college","Some Extent","Managerial and technical","Number","15480"
"People with a disability","2022","Female","Difficulty working at a job or business or attending school or college","Some Extent","Non-manual","Number","12023"
"People with a disability","2022","Female","Difficulty working at a job or business or attending school or college","Some Extent","Skilled manual","Number","6819"
"People with a disability","2022","Female","Difficulty working at a job or business or attending school or college","Some Extent","Semi-skilled","Number","8851"
"People with a disability","2022","Female","Difficulty working at a job or business or attending school or college","Some Extent","Unskilled","Number","2566"
"People with a disability","2022","Female","Difficulty working at a job or business or attending school or college","Some Extent","All other gainfully occupied and unknown","Number","15532"
"People with a disability","2022","Female","Difficulty working at a job or business or attending school or college","Great Extent","All social classes","Number","95035"
"People with a disability","2022","Female","Difficulty working at a job or business or attending school or college","Great Extent","Professional workers","Number","3216"
"People with a disability","2022","Female","Difficulty working at a job or business or attending school or college","Great Extent","Managerial and technical","Number","17436"
"People with a disability","2022","Female","Difficulty working at a job or business or attending school or college","Great Extent","Non-manual","Number","12880"
"People with a disability","2022","Female","Difficulty working at a job or business or attending school or college","Great Extent","Skilled manual","Number","10675"
"People with a disability","2022","Female","Difficulty working at a job or business or attending school or college","Great Extent","Semi-skilled","Number","11220"
"People with a disability","2022","Female","Difficulty working at a job or business or attending school or college","Great Extent","Unskilled","Number","4098"
"People with a disability","2022","Female","Difficulty working at a job or business or attending school or college","Great Extent","All other gainfully occupied and unknown","Number","35510"
"People with a disability","2022","Female","Difficulty in participating in other activities","Some Extent","All social classes","Number","102846"
"People with a disability","2022","Female","Difficulty in participating in other activities","Some Extent","Professional workers","Number","4710"
"People with a disability","2022","Female","Difficulty in participating in other activities","Some Extent","Managerial and technical","Number","24872"
"People with a disability","2022","Female","Difficulty in participating in other activities","Some Extent","Non-manual","Number","19562"
"People with a disability","2022","Female","Difficulty in participating in other activities","Some Extent","Skilled manual","Number","10599"
"People with a disability","2022","Female","Difficulty in participating in other activities","Some Extent","Semi-skilled","Number","13376"
"People with a disability","2022","Female","Difficulty in participating in other activities","Some Extent","Unskilled","Number","4233"
"People with a disability","2022","Female","Difficulty in participating in other activities","Some Extent","All other gainfully occupied and unknown","Number","25494"
"People with a disability","2022","Female","Difficulty in participating in other activities","Great Extent","All social classes","Number","89335"
"People with a disability","2022","Female","Difficulty in participating in other activities","Great Extent","Professional workers","Number","2835"
"People with a disability","2022","Female","Difficulty in participating in other activities","Great Extent","Managerial and technical","Number","16830"
"People with a disability","2022","Female","Difficulty in participating in other activities","Great Extent","Non-manual","Number","13237"
"People with a disability","2022","Female","Difficulty in participating in other activities","Great Extent","Skilled manual","Number","9361"
"People with a disability","2022","Female","Difficulty in participating in other activities","Great Extent","Semi-skilled","Number","10592"
"People with a disability","2022","Female","Difficulty in participating in other activities","Great Extent","Unskilled","Number","4058"
"People with a disability","2022","Female","Difficulty in participating in other activities","Great Extent","All other gainfully occupied and unknown","Number","32422"
